corresponding	2.4771
paraseptal	2.4771
passive	2.4771
1859923	2.4771
repoecg	2.4771
falciform	2.4771
37899065	2.4771
paraceliac	2.4771
balloon	2.4771
confluently	2.4771
car	2.4771
cap	2.4771
12/12/2007	2.4771
x5cm	2.4771
04/05/2005	2.4771
ureteric	2.4771
cad	2.4771
potentially	2.4771
decompensated	2.4771
towards	2.4771
comparing	2.4771
individual	2.4771
well-circumscribed	2.4771
adduction	2.4771
01/29/2009	2.4771
conspicuous	2.4771
describing	2.4771
re-staging	2.4771
cuffing	2.4771
two-vessel	2.4771
lmtd	2.4771
elements	2.4771
filter	2.4771
reformatting	2.4771
observation	2.4771
informed	2.4771
isovue	2.4771
spinous	2.4771
perceptible	2.4771
35692189	2.4771
intestine	2.4771
thin-section	2.4771
decubitus	2.4771
substantially	2.4771
enhancementof	2.4771
53-58	2.4771
1891211	2.4771
intra-cardiac	2.4771
197	2.4771
196	2.4771
195	2.4771
194	2.4771
193	2.4771
37742855	2.4771
ones	2.4771
02/04/2010	2.4771
hips	2.4771
contours	2.4771
183	2.4771
181	2.4771
9/27/05	2.4771
post-treatment	2.4771
gradual	2.4771
coverage	2.4771
venticular	2.4771
176	2.4771
nonvisualized	2.4771
175	2.4771
174	2.4771
173	2.4771
hrct	2.4771
pending	2.4771
35350765	2.4771
1843502	2.4771
higher	2.4771
pet/cts	2.4771
169	2.4771
formations	2.4771
165	2.4771
12/05/2008	2.4771
161	2.4771
160	2.4771
query	2.4771
09/08/2008	2.4771
left.there	2.4771
unusual	2.4771
fragments	2.4771
horizontal	2.4771
05/13/2002	2.4771
152	2.4771
151	2.4771
testis	2.4771
1865754	2.4771
inflamed	2.4771
fourth	2.4771
bun	2.4771
ostia	2.4771
epiglottis	2.4771
35335119	2.4771
144	2.4771
143	2.4771
247a-b-c-d	2.4771
805c-g	2.4771
09/28/2006	2.4771
1847914	2.4771
lymphatic	2.4771
vats	2.4771
139	2.4771
nodularities	2.4771
35443751	2.4771
actinic	2.4771
133	2.4771
131	2.4771
sum	2.4771
access	2.4771
5/4/07	2.4771
sub	2.4771
motor	2.4771
1860099	2.4771
126	2.4771
overlies	2.4771
inadequate	2.4771
exhibit	2.4771
36447627	2.4771
118	2.4771
raises	2.4771
114	2.4771
113	2.4771
112	2.4771
110	2.4771
b-cell	2.4771
exophytic	2.4771
106	2.4771
105	2.4771
103	2.4771
102	2.4771
1832902	2.4771
control	2.4771
prosthetic	2.4771
37644517	2.4771
measureing	2.4771
facial	2.4771
bifurcated	2.4771
extrapleural	2.4771
38328430	2.4771
humeral	2.4771
sparing	2.4771
tenth	2.4771
behind	2.4771
11/11/2008	2.4771
cholangiocarcinoma	2.4771
11/11/2009	2.4771
plasmacytomas	2.4771
1.0	2.4771
longstanding	2.4771
non-obstructing	2.4771
disruption	2.4771
10-4-06	2.4771
ibrahim	2.4771
1-1	2.4771
798a	2.4771
0.585	2.4771
knees	2.4771
d/c	2.4771
03-06-07	2.4771
797a	2.4771
664a	2.4771
predominate	2.4771
ganglioneuroma	2.4771
05/06/2007	2.4771
bundle	2.4771
smv	2.4771
03/17/2008	2.4771
36574676	2.4771
10-16-06	2.4771
opacitiy	2.4771
663a	2.4771
viewed	2.4771
38110885	2.4771
36490524	2.4771
plate	2.4771
hemorrhoidal	2.4771
99a	2.4771
662a	2.4771
intermedius	2.4771
36121457	2.4771
l2-l3	2.4771
9-27-04	2.4771
rhabdomyosarcoma	2.4771
34976017	2.4771
inactive	2.4771
striking	2.4771
745b-c	2.4771
blaterally	2.4771
to-side	2.4771
1840538	2.4771
inflammation/infectious	2.4771
06/26/2008	2.4771
pectoralis	2.4771
endoscopic	2.4771
serous	2.4771
kahn	2.4771
hydrothorax	2.4771
blastic	2.4771
reviewing	2.4771
false	2.4771
96a	2.4771
38578911	2.4771
directed	2.4771
orthostatic	2.4771
38801274	2.4771
629a-b	2.4771
25-27	2.4771
perineal	2.4771
packing	2.4771
exhibits	2.4771
non-enlarged	2.4771
cephalocaudad	2.4771
omental	2.4771
36752770	2.4771
masive	2.4771
differentiate	2.4771
suprasternal	2.4771
431a-b	2.4771
sfv	2.4771
tapering	2.4771
fixation	2.4771
insufficiency	2.4771
940	2.4771
size.there	2.4771
compares	2.4771
column	2.4771
89a-d	2.4771
oval	2.4771
set	2.4771
ser	2.4771
metabolic	2.4771
posttraumatic	2.4771
glutteal	2.4771
1844073	2.4771
drain	2.4771
affect	2.4771
36752702	2.4771
sponge	2.4771
extracystic	2.4771
11/17/2009	2.4771
delay	2.4771
symptoms	2.4771
accurately	2.4771
09/02/2009	2.4771
______	2.4771
intima	2.4771
eosinophilic	2.4771
2-14-06	2.4771
7mm	2.4771
complex	2.4771
retrospect	2.4771
35744690	2.4771
testicle	2.4771
intimal	2.4771
11/17/2006	2.4771
10/23/2007	2.4771
multicompartment	2.4771
08/07/2009	2.4771
simply	2.4771
treating	2.4771
atelectasis/scars	2.4771
favor	2.4771
heights	2.4771
ecg-gated	2.4771
546a-b-c-d	2.4771
opportunistic	2.4771
inspiration	2.4771
561a-b	2.4771
piriform	2.4771
-lcb-	2.4771
centimeter	2.4771
inspitory	2.4771
w/chest	2.4771
36589530	2.4771
important	2.4771
postinjection	2.4771
pectoral	2.4771
germ	2.4771
kind	2.4771
timing	2.4771
episodes	2.4771
salpingooophorectomy	2.4771
subluxation	2.4771
t-cell	2.4771
36658580	2.4771
clots	2.4771
blebs	2.4771
10/03/2008	2.4771
ankylosis	2.4771
39668329	2.4771
spurs	2.4771
inaccurate	2.4771
pedicle	2.4771
1759	2.4771
7-7-06	2.4771
valsalva	2.4771
1880417	2.4771
aortobifemoral	2.4771
precontrast	2.4771
appreciably	2.4771
1879429	2.4771
vehicle	2.4771
localized	2.4771
10/03/2005	2.4771
assault	2.4771
cutaneous	2.4771
repoclinical	2.4771
39045881	2.4771
attenuated	2.4771
matched	2.4771
epic	2.4771
t9-t10	2.4771
luteum	2.4771
case	2.4771
truly	2.4771
pressures	2.4771
1863094	2.4771
38454989	2.4771
monitored	2.4771
35671386	2.4771
differentiated	2.4771
coloanal	2.4771
interventricular	2.4771
restricted	2.4771
mouth	2.4771
intralobular	2.4771
blunting	2.4771
10/30/2003	2.4771
07/19/2002	2.4771
resolving	2.4771
demonstrable	2.4771
cystitis	2.4771
mantle	2.4771
avm	2.4771
12/16/09	2.4771
15mm	2.4771
06/2008	2.4771
symmetric	2.4771
23a-b	2.4771
pneumomediastinum	2.4771
description	2.4771
38661357	2.4771
46344	2.4771
1891905	2.4771
4/2/2009	2.4771
38312919	2.4771
tracheal	2.4771
bleed	2.4771
528a	2.4771
results	2.4771
02/09/2009	2.4771
01/31/2008	2.4771
neoterminal	2.4771
brachiocephalic/innominate	2.4771
repeated	2.4771
rul	2.4771
reportedly	2.4771
periureteral	2.4771
becoming	2.4771
intrarenal	2.4771
1864351	2.4771
02/17/06	2.4771
1838088	2.4771
trapping	2.4771
biphasic	2.4771
favors	2.4771
wedge-shaped	2.4771
lavage	2.4771
occluding	2.4771
cavities	2.4771
takes	2.4771
penis	2.4771
catherine	2.4771
taken	2.4771
watchman	2.4771
varying	2.4771
auricular	2.4771
ducts	2.4771
dislocations	2.4771
838a-b	2.4771
lumbosacral	2.4771
overtime	2.4771
36570368	2.4771
000	2.4771
1876344	2.4771
completed	2.4771
1875011	2.4771
intubation	2.4771
04/06/2007	2.4771
jaw	2.4771
non-contrast-enhanced	2.4771
dissections	2.4771
39265561	2.4771
supracricoid	2.4771
fibrohistiocytoma	2.4771
2-20-06	2.4771
until	2.4771
ninth	2.4771
0.5	2.4771
sacral	2.4771
indium-111	2.4771
distension	2.4771
construction	2.4771
34876781	2.4771
weakness	2.4771
retracted	2.4771
encase	2.4771
ct05/06/2007	2.4771
neoplastic	2.4771
39199869	2.4771
ams	2.4771
74-year-old	2.4771
are77	2.4771
unit	2.4771
osteoporosis	2.4771
real	2.4771
12/13/06	2.4771
insulin-dependent	2.4771
pseudoaneurysm	2.4771
goyal	2.4771
border	2.4771
desmoid	2.4771
15cm	2.4771
morphologically	2.4771
t10	2.4771
walland	2.4771
962a-b	2.4771
6x5	2.4771
nacl	2.4771
36044165	2.4771
bubble	2.4771
posterior-superior	2.4771
06/05/2008	2.4771
quantitatively	2.4771
10/12/2005	2.4771
6/3/04	2.4771
aid	2.4771
schmorl	2.4771
39384892	2.4771
1823061	2.4771
pericystic	2.4771
repaired	2.4771
volumes	2.4771
chordoma	2.4771
179a-b-c	2.4771
11/04/2009	2.4771
rim	2.4771
11/04/2008	2.4771
reformation	2.4771
muscles	2.4771
870	2.4771
variation	2.4771
ago	2.4771
movie	2.4771
reconstitution	2.4771
shoulders	2.4771
37765378	2.4771
ulcers	2.4771
tibia	2.4771
volumning	2.4771
39360086	2.4771
enlargedslightly	2.4771
fibro-fatty	2.4771
infused	2.4771
metastasize	2.4771
carinal	2.4771
femorals	2.4771
united	2.4771
38062531	2.4771
aortopulmonary	2.4771
consolidation/atelectasis	2.4771
cine	2.4771
35527754	2.4771
respect	2.4771
hemoptysis	2.4771
1816735	2.4771
c&d	2.4771
pneumatocele	2.4771
wtih	2.4771
gravity-dependent	2.4771
nasopharyngeal	2.4771
histiocytoma	2.4771
herniated	2.4771
36683505	2.4771
fast	2.4771
dorsi	2.4771
pulled	2.4771
1863946	2.4771
vasculitis	2.4771
intersitial	2.4771
07/08/2009	2.4771
6mm	2.4771
39463370	2.4771
weeks	2.4771
thromboembolism	2.4771
placement	2.4771
1850617	2.4771
percentile	2.4771
extensions	2.4771
06/14/2007	2.4771
blastoma	2.4771
2/10/06	2.4771
pool	2.4771
1813665	2.4771
appendix	2.4771
39647350	2.4771
diagnostic	2.4771
orifice	2.4771
fibroid	2.4771
score	2.4771
setting	2.4771
cirrhotic	2.4771
39074382	2.4771
12/09/2009	2.4771
normally	2.4771
8.4	2.4771
2-7-07	2.4771
8.3	2.4771
8.2	2.4771
chemoembolized	2.4771
11/10/2009	2.4771
37975880	2.4771
penectomy	2.4771
37963894	2.4771
38907768	2.4771
x-ray	2.4771
quantity	2.4771
ind	2.4771
03/03/2009	2.4771
error	2.4771
rectus	2.4771
06/092008	2.4771
mobilization	2.4771
repair	2.4771
liposarcoma	2.4771
laminectomy	2.4771
intervention	2.4771
35485328	2.4771
tibials	2.4771
collision	2.4771
06/22/2009	2.4771
diarrhea	2.4771
chest09/04/2007	2.4771
herniation	2.4771
high-attenuation	2.4771
1829091	2.4771
38415473	2.4771
assessing	2.4771
35799517	2.4771
1/10/06	2.4771
1890552	2.4771
quiroz	2.4771
tight	2.4771
hyperattenuation	2.4771
05/27/2008	2.4771
apancreatic	2.4771
75-95	2.4771
octa	2.4771
201a-b	2.4771
1868689	2.4771
chondrosarcoma	2.4771
causes	2.4771
fall	2.4771
92/series	2.4771
foreign	2.4771
dyscrasia	2.4771
iii	2.4771
39029037	2.4771
remnant	2.4771
214d-e-f	2.4771
itself	2.4771
repoecg-gated	2.4771
reduced	2.4771
ablation	2.4771
quantification	2.4771
remineralization	2.4771
crest	2.4771
phenonomen	2.4771
oflymphadenopathy	2.4771
draining	2.4771
endometrial	2.4771
myelodysplastic	2.4771
anteromedially	2.4771
non-displaced	2.4771
01/22/2009	2.4771
37298358	2.4771
spines	2.4771
characteristics	2.4771
summary	2.4771
37595263	2.4771
surfaces	2.4771
coccyx	2.4771
trochanter	2.4771
recanalization	2.4771
refluxing	2.4771
1805053	2.4771
anemia	2.4771
fossae	2.4771
06/25/2009	2.4771
03/20/2008	2.4771
revealing	2.4771
gauze	2.4771
ct-angio	2.4771
leaves	2.4771
mainly	2.4771
nonsmall	2.4771
1845902	2.4771
817a-b	2.4771
6/22/09	2.4771
operation	2.4771
retroclavicular	2.4771
showed	2.4771
supra	2.4771
10/25/2009	2.4771
face	2.4771
pyelocaliectasis	2.4771
actually	2.4771
restrictive	2.4771
dictation	2.4771
periaortic	2.4771
stenosed	2.4771
narrowest	2.4771
outline	2.4771
limits.summary	2.4771
increments	2.4771
collecting	2.4771
fact	2.4771
11/03/2006	2.4771
necrotic-appearing	2.4771
mets	2.4771
08/10/2009	2.4771
39001565	2.4771
152a-b	2.4771
orbital	2.4771
11/03/05	2.4771
36478692	2.4771
1870155	2.4771
splenorenal	2.4771
rotary	2.4771
adenomatous	2.4771
03/09/2008	2.4771
9-25-06	2.4771
magnitude	2.4771
costochondral	2.4771
79.330	2.4771
1-17-07	2.4771
multi-nodular	2.4771
asbestos	2.4771
35396328	2.4771
phoned	2.4771
film	2.4771
39165761	2.4771
occur	2.4771
2-vessel	2.4771
schmorls	2.4771
12/24/06	2.4771
fine	2.4771
svc/right	2.4771
500b-c	2.4771
cough	2.4771
38339306	2.4771
1870147	2.4771
35340786	2.4771
panlobular	2.4771
observable	2.4771
septic	2.4771
positive	2.4771
1862579	2.4771
35414927	2.4771
161a-b	2.4771
azygos	2.4771
772.350	2.4771
non-contiguous	2.4771
plantar	2.4771
37501395	2.4771
39674443	2.4771
adducted	2.4771
nodular-like	2.4771
1882189	2.4771
imagesfrom	2.4771
sartorius	2.4771
distributions	2.4771
1869191	2.4771
sensitive	2.4771
1816650	2.4771
predominance	2.4771
underwent	2.4771
fibrofatty	2.4771
constipation	2.4771
paravisceral	2.4771
3/29/07	2.4771
validation	2.4771
1-30-07	2.4771
201a	2.4771
11/18/2009	2.4771
liver/spln	2.4771
87-years-of-age	2.4771
thereis	2.4771
47-49	2.4771
333a	2.4771
bovine	2.4771
arteriogram	2.4771
existing	2.4771
05/03	2.4771
07/22/2003	2.4771
tracks	2.4771
740a-b	2.4771
sole	2.4771
2002	2.4771
2004	2.4771
passes	2.4771
2009	2.4771
suprapubic	2.4771
03/10/2009	2.4771
37011209	2.4771
beginning	2.4771
38848558	2.4771
1842087	2.4771
spiculation	2.4771
523c-d-e-f-g	2.4771
take	2.4771
distally	2.4771
zones	2.4771
9/8/05	2.4771
8/17/07	2.4771
1884712	2.4771
5mm	2.4771
corpus	2.4771
gastrohepatic	2.4771
fasciocutaneous	2.4771
sometimes	2.4771
4/30/07	2.4771
06/18/2008	2.4771
adenomatoid	2.4771
meet	2.4771
dorsalis	2.4771
takeoff	2.4771
drains	2.4771
lucent	2.4771
35667736	2.4771
originating	2.4771
characteristic	2.4771
36861067	2.4771
presacral	2.4771
7.9	2.4771
7.6	2.4771
7.5	2.4771
7.4	2.4771
bulky	2.4771
7.2	2.4771
1869105	2.4771
44mm	2.4771
36109511	2.4771
57-year-old	2.4771
july	2.4771
1871427	2.4771
03/09/2007	2.4771
7-8	2.4771
excision	2.4771
slighlty	2.4771
800c-g	2.4771
11/15/06	2.4771
infiltrate/atelectasis	2.4771
1814889	2.4771
account	2.4771
39251561	2.4771
neither	2.4771
4/21/06	2.4771
duplication	2.4771
scarring/fibrosis	2.4771
1857860	2.4771
ligamentum	2.4771
facia	2.4771
11-09-06	2.4771
eighth	2.4771
12/2006	2.4771
plaquing	2.4771
39646366	2.4771
08/21/2007	2.4771
undrained	2.4771
september	2.4771
general	2.4771
4-10-07	2.4771
values	2.4771
aveolar	2.4771
distortion	2.4771
side-to-side	2.4771
816a	2.4771
markings	2.4771
transurethral	2.4771
aneurysms	2.4771
group	2.4771
consider	2.4771
02/2006	2.4771
02/2007	2.4771
09/13/2007	2.4771
omni-300	2.4771
38877191	2.4771
pre-existing	2.4771
12/17/2007	2.4771
ng-tube	2.4771
interpole	2.4771
compartments	2.4771
demineralized	2.4771
36/36	2.4771
anomalous	2.4771
grown	2.4771
3/23/06	2.4771
layer	2.4771
cobalt	2.4771
post-process	2.4771
38489170	2.4771
approximates	2.4771
jude	2.4771
pericolonic	2.4771
discharging	2.4771
transection	2.4771
exam_codes	2.4771
resultant	2.4771
her	2.4771
1856562	2.4771
neuroblastoma	2.4771
09/17/2009	2.4771
ventricles	2.4771
tuberosity	2.4771
1/25/06	2.4771
yet	2.4771
rotation	2.4771
eventration	2.4771
theprevious	2.4771
38767671	2.4771
kidney/adrenal	2.4771
04/27/2009	2.4771
capsule	2.4771
psa	2.4771
intrinsic	2.4771
geodes	2.4771
08/14/2007	2.4771
pre	2.4771
pronounced	2.4771
basically	2.4771
late	2.4771
256a-c	2.4771
lamina	2.4771
lata	2.4771
guided	2.4771
accounting	2.4771
pubis	2.4771
185a-b	2.4771
endoluminal	2.4771
oropharynx	2.4771
37817795	2.4771
sciatic	2.4771
hypostatic	2.4771
ppi	2.4771
latest	2.4771
gives	2.4771
bi-apical	2.4771
pox	2.4771
176b-c	2.4771
1832539	2.4771
indicative	2.4771
a/v	2.4771
iv-contrast	2.4771
pelvicalyceal	2.4771
iodinated	2.4771
difference	2.4771
comparisons	2.4771
36973329	2.4771
separately	2.4771
05/19/06	2.4771
1864102	2.4771
67-year-old	2.4771
facets	2.4771
1857810	2.4771
nipple	2.4771
formerly	2.4771
54a-c	2.4771
07/25/2009	2.4771
doubtful	2.4771
anastomosed	2.4771
11-9-06	2.4771
07/1999	2.4771
elevation	2.4771
68a	2.4771
skull	2.4771
nonobstructive	2.4771
09/24/2009	2.4771
10/04/2007	2.4771
oblong	2.4771
cause	2.4771
portocaval	2.4771
complication	2.4771
6/25/07	2.4771
accumulation	2.4771
pvt/pe	2.4771
preauricular	2.4771
66a	2.4771
whether	2.4771
35063754	2.4771
portacaval	2.4771
plugging	2.4771
manner	2.4771
30-year-old	2.4771
brachiocephalic	2.4771
non-hodgkin	2.4771
1875759	2.4771
1816510	2.4771
left.new	2.4771
39664997	2.4771
diaphysis	2.4771
infilt	2.4771
35159097	2.4771
ulceration	2.4771
650	2.4771
07/07/2007	2.4771
07/07/2009	2.4771
ilium	2.4771
appearing	2.4771
ruptured	2.4771
01/07/2009	2.4771
62a	2.4771
period	2.4771
visipaque-320	2.4771
35848381	2.4771
bronchioalveolar	2.4771
pet	2.4771
1848136	2.4771
splenules	2.4771
e-mail	2.4771
963b-c	2.4771
peg	2.4771
pocket	2.4771
31d-f	2.4771
lady	2.4771
complains	2.4771
groin	2.4771
colostomy	2.4771
99/series	2.4771
responded	2.4771
infiltrated	2.4771
2/19/07	2.4771
urogram	2.4771
regional	2.4771
formats	2.4771
1858320	2.4771
wire	2.4771
clouding	2.4771
anteroposterior	2.4771
vaginal	2.4771
non-enhanced	2.4771
452a	2.4771
36231585	2.4771
hypoxia	2.4771
sparring	2.4771
undescended	2.4771
3/02/07	2.4771
institution	2.4771
end-stage	2.4771
normal-size	2.4771
451a	2.4771
bicuspid	2.4771
569b-c	2.4771
qreads	2.4771
standard	2.4771
6.6	2.4771
6.5	2.4771
6.4	2.4771
1884625	2.4771
38125175	2.4771
704.000	2.4771
450a	2.4771
omni-350	2.4771
hydrosalpinx	2.4771
endplates	2.4771
myeloma	2.4771
w/h/o	2.4771
42a-b	2.4771
edematous	2.4771
grafting	2.4771
10/18/2009	2.4771
10/18/2006	2.4771
work-up	2.4771
anterolaterally	2.4771
analysis	2.4771
thromboembolus	2.4771
833a-b	2.4771
39568203	2.4771
pedis	2.4771
catheters	2.4771
nonhomogeneous	2.4771
914b-e	2.4771
begins	2.4771
05/19/2009	2.4771
05/19/2008	2.4771
subpulmonic	2.4771
19d-e-f	2.4771
locations	2.4771
04/15/2005	2.4771
atrioventricular	2.4771
factors	2.4771
groups	2.4771
will	2.4771
obtuse	2.4771
lima	2.4771
pleurally	2.4771
antra	2.4771
1806197	2.4771
1857752	2.4771
plexus	2.4771
pelves	2.4771
roundedatelectasis	2.4771
1844439	2.4771
1812881	2.4771
interposition	2.4771
rotational	2.4771
jejunum	2.4771
5-9-06	2.4771
limbus	2.4771
replay	2.4771
sphenoid	2.4771
uveal	2.4771
like	2.4771
soft-tissue	2.4771
6-3-05	2.4771
osseus	2.4771
4cm	2.4771
1-11-07	2.4771
1880994	2.4771
capsular	2.4771
drug	2.4771
transabdominal	2.4771
architectural	2.4771
transformation	2.4771
sub-occipital	2.4771
suspect	2.4771
uncomplicated	2.4771
78-year-old	2.4771
bronch	2.4771
evidences	2.4771
1820463	2.4771
copd	2.4771
multi-loculated	2.4771
34a-b-c-d	2.4771
cerebral	2.4771
08/31/06	2.4771
laryngostomy	2.4771
exact	2.4771
02/21/2008	2.4771
thyroglobulin	2.4771
examples	2.4771
39021337	2.4771
repocontrast	2.4771
09/05/2007	2.4771
pleuritic	2.4771
cont	2.4771
tubular	2.4771
myelogenous	2.4771
-16	2.4771
therapeutic	2.4771
type	2.4771
suboptimally	2.4771
tarlov	2.4771
qualitatively	2.4771
gas	2.4771
wk	2.4771
shaped	2.4771
x3	2.4771
01/26/2010	2.4771
39348878	2.4771
3:06	2.4771
3:05	2.4771
vi	2.4771
gastrointestinal	2.4771
37553668	2.4771
03/23/06	2.4771
usual	2.4771
details	2.4771
fibrotic-appearing	2.4771
fusiform	2.4771
4/24/07	2.4771
04/02/2009	2.4771
reasonable	2.4771
hilus	2.4771
calibrate	2.4771
38041394	2.4771
fibromatous	2.4771
1852018	2.4771
compresses	2.4771
35828344	2.4771
09/25/2006	2.4771
necessary	2.4771
09/25/2007	2.4771
09/25/2008	2.4771
09/25/2009	2.4771
numbness	2.4771
07/11/2007	2.4771
87-year-old	2.4771
bleb	2.4771
activity	2.4771
t7	2.4771
chronically	2.4771
t1	2.4771
uncalcified	2.4771
twelve	2.4771
diseased	2.4771
39450403	2.4771
subcortical	2.4771
12/02/2008	2.4771
then	2.4771
12/02/2009	2.4771
caudal	2.4771
5-mm	2.4771
4-06-07	2.4771
s1	2.4771
teres	2.4771
estimate	2.4771
01/06/2009	2.4771
33-39	2.4771
10/2005	2.4771
06/16/2004	2.4771
10/2006	2.4771
extremely	2.4771
2.5-3	2.4771
pm	2.4771
37177989	2.4771
communicating	2.4771
obturator	2.4771
10/14/2008	2.4771
duodenal	2.4771
tumors	2.4771
02/07/2008	2.4771
determine	2.4771
suprapatellar	2.4771
2-2-06	2.4771
39511054	2.4771
positioned	2.4771
extraperitoneal	2.4771
considerable	2.4771
atelectasis/parenchymal	2.4771
septa	2.4771
coalescent	2.4771
dorsal	2.4771
ingiunal	2.4771
plug	2.4771
36540890	2.4771
expansion	2.4771
ventriculoperitoneal	2.4771
my	2.4771
08/17/2007	2.4771
08/17/2006	2.4771
08/17/2009	2.4771
36465130	2.4771
mg	2.4771
3-26-07	2.4771
interstitium	2.4771
ported	2.4771
intrafissural	2.4771
ct05/11/2007	2.4771
34748120	2.4771
closing-in	2.4771
21a-c	2.4771
29-32	2.4771
places	2.4771
generally	2.4771
clearing	2.4771
retrocaval	2.4771
suggestion	2.4771
azygoesophageal	2.4771
1850366	2.4771
380a-b-c	2.4771
laparotomy	2.4771
11/13/06	2.4771
l5	2.4771
chest/abdomen	2.4771
l3	2.4771
11/01/06	2.4771
become	2.4771
diagnosed	2.4771
1864971	2.4771
37153011	2.4771
peaks	2.4771
01/20/2003	2.4771
recannualization	2.4771
oct	2.4771
36746437	2.4771
9/17/2003	2.4771
appearance.ct	2.4771
appeared	2.4771
3mm	2.4771
postinflammatory	2.4771
1854703	2.4771
hx	2.4771
fractured	2.4771
1838690	2.4771
juxtarenal	2.4771
placed	2.4771
836a-b	2.4771
presents	2.4771
up-and-down	2.4771
form	2.4771
rash	2.4771
1840925	2.4771
accumulations	2.4771
deposition	2.4771
38409073	2.4771
gi	2.4771
digital	2.4771
covers	2.4771
ge	2.4771
tangential	2.4771
posssibly	2.4771
layered	2.4771
lungsare	2.4771
39599016	2.4771
limbs	2.4771
5.7	2.4771
5.4	2.4771
5.3	2.4771
5.0	2.4771
infraclavicular/axillary	2.4771
et	2.4771
ischial	2.4771
favored	2.4771
li-fraumeni	2.4771
patterns	2.4771
1861822	2.4771
06/11/2009	2.4771
ed	2.4771
diameters	2.4771
06/10/2009	2.4771
fna	2.4771
bursa	2.4771
accounted	2.4771
excessively	2.4771
h/o	2.4771
10/06/2009	2.4771
food	2.4771
cp	2.4771
endoscopy	2.4771
charge	2.4771
948a-b	2.4771
foot	2.4771
posttreatment	2.4771
achalasia	2.4771
humeri	2.4771
bi	2.4771
03/02/2009	2.4771
146a-b	2.4771
interpretation	2.4771
c6	2.4771
c4	2.4771
146a-c	2.4771
embali	2.4771
08/24/2004	2.4771
assumption	2.4771
pcxr	2.4771
09/18/2008	2.4771
09/18/2009	2.4771
05/14/07	2.4771
atherothrombosis	2.4771
1846983	2.4771
1880864	2.4771
contained	2.4771
retrosternal	2.4771
terminal	2.4771
38425138	2.4771
resolotion	2.4771
38114644	2.4771
centilobular	2.4771
38067852	2.4771
6:00	2.4771
peritinitis	2.4771
unexpected	2.4771
proximally	2.4771
disarticulation	2.4771
who	2.4771
3d.	2.4771
1-3-mm	2.4771
produces	2.4771
effect	2.4771
hemithyroid	2.4771
opened	2.4771
cavitating	2.4771
pathological	2.4771
12-15	2.4771
looks	2.4771
eleventh	2.4771
37579520	2.4771
fed	2.4771
1809130	2.4771
13.5	2.4771
organizing	2.4771
sides	2.4771
and100	2.4771
1821665	2.4771
1882609	2.4771
endorectal	2.4771
aspergilloma	2.4771
35157575	2.4771
perirenal	2.4771
276a-b-c	2.4771
02/06/2009	2.4771
7/2/07	2.4771
1806063	2.4771
colic	2.4771
991a-b	2.4771
37365260	2.4771
06/30/2009	2.4771
lowest	2.4771
stations	2.4771
rendering	2.4771
double	2.4771
give	2.4771
10/4/06	2.4771
143a-b	2.4771
92a-c	2.4771
35557912	2.4771
rise	2.4771
07/03/2007	2.4771
158a-b-c	2.4771
gist	2.4771
ischemic	2.4771
septum	2.4771
way	2.4771
wisconsin	2.4771
juxtarenal/suprarenal	2.4771
129a-b-c	2.4771
preauricular-parotid	2.4771
button	2.4771
conclusion	2.4771
1822964	2.4771
occupy	2.4771
denervation	2.4771
calyces	2.4771
tachycardia	2.4771
05/29/2009	2.4771
05/29/2007	2.4771
anasarca	2.4771
1862117	2.4771
04/03/2008	2.4771
white	2.4771
235d-f	2.4771
no.	2.4771
79-year-old	2.4771
34943707	2.4771
regressed	2.4771
alternatively	2.4771
1833625	2.4771
243a-b-c-d	2.4771
1817576	2.4771
schiebel	2.4771
supplying	2.4771
congenital	2.4771
jejunal	2.4771
common/superficial	2.4771
evluation	2.4771
diminutive	2.4771
fully	2.4771
0802	2.4771
9/26/06	2.4771
hemangiomata	2.4771
low-lying	2.4771
hiatus	2.4771
needle	2.4771
permeation	2.4771
06/23/2009	2.4771
protocal	2.4771
05/11/2009	2.4771
37714553	2.4771
02/20/2008	2.4771
floors	2.4771
1817658	2.4771
moderate-to-severe	2.4771
hodgkins	2.4771
903c-d-e-f-g	2.4771
66a-b-c	2.4771
tool	2.4771
breasts	2.4771
indeterminant	2.4771
settings	2.4771
pager	2.4771
37792599	2.4771
ned	2.4771
l3-l4	2.4771
caliceal	2.4771
08/29/2008	2.4771
viscus	2.4771
949b-c-d	2.4771
936c-d-e-f-g	2.4771
2nd	2.4771
reticulonodular	2.4771
shaggy	2.4771
56-year-old	2.4771
11/06/2007	2.4771
405	2.4771
400	2.4771
mucous	2.4771
post-right	2.4771
shape	2.4771
bifurcations	2.4771
03/30/2007	2.4771
gradually	2.4771
newly	2.4771
vs.	2.4771
618a-e	2.4771
02/02/2008	2.4771
scarring-sequelae	2.4771
4.8	2.4771
4.7	2.4771
4.4	2.4771
4.2	2.4771
4.0	2.4771
perihilar	2.4771
1835450	2.4771
artifactual	2.4771
kenosha	2.4771
short-axis	2.4771
4-6	2.4771
packed	2.4771
4-5	2.4771
bullet	2.4771
07213	2.4771
precisely	2.4771
oclinical	2.4771
trifurcation	2.4771
tortuous	2.4771
30.0	2.4771
10/26/2007	2.4771
hardly	2.4771
loose	2.4771
1806945	2.4771
risen	2.4771
01/01/2010	2.4771
often	2.4771
originally	2.4771
need	2.4771
faint	2.4771
396c-d-e-f-g	2.4771
ekg	2.4771
1827801	2.4771
7/5/06	2.4771
07/17/2008	2.4771
duodenum	2.4771
porta-cath	2.4771
centrally	2.4771
steatosis	2.4771
08/20/2008	2.4771
38238073	2.4771
non-small	2.4771
platelike	2.4771
asbestosis	2.4771
colocolic	2.4771
39682116	2.4771
returns	2.4771
notch	2.4771
selection	2.4771
abdominus	2.4771
3-year	2.4771
overload	2.4771
pancreaticogastrostomy	2.4771
permeative	2.4771
36496351	2.4771
corticated	2.4771
1858104	2.4771
glenoid	2.4771
04/08/2009	2.4771
ovale	2.4771
variable	2.4771
valvular	2.4771
tensor	2.4771
aerated	2.4771
10mm	2.4771
pericholecystic	2.4771
mva	2.4771
825b-c-d	2.4771
retrocrural	2.4771
90/82	2.4771
insure	2.4771
consolidative	2.4771
38053549	2.4771
flexor	2.4771
3/22/07	2.4771
11/30/2001	2.4771
cavity	2.4771
polyps	2.4771
mucosal-based	2.4771
nonseminomatous	2.4771
coarse	2.4771
38698927	2.4771
39565475	2.4771
include	2.4771
washout	2.4771
appearances	2.4771
invades	2.4771
retrocarinal	2.4771
tongue	2.4771
gender	2.4771
03-12-07	2.4771
1820231	2.4771
registration	2.4771
35492055	2.4771
39408700	2.4771
38078820	2.4771
98	2.4771
97	2.4771
96	2.4771
vac	2.4771
lost	2.4771
37695890	2.4771
hypoplastic	2.4771
relation	2.4771
five-mm	2.4771
penile	2.4771
7/12/2007	2.4771
callus	2.4771
10-23-06	2.4771
retroesophageal	2.4771
86	2.4771
36111448	2.4771
1829465	2.4771
cells	2.4771
37710229	2.4771
8/6/2007	2.4771
05/14/2009	2.4771
recently	2.4771
78	2.4771
evacuation	2.4771
35552113	2.4771
arteriography	2.4771
36819137	2.4771
mandibular	2.4771
needed	2.4771
01/02/2008	2.4771
09/01/2009	2.4771
60	2.4771
pulomonary	2.4771
4b	2.4771
4a	2.4771
1884284	2.4771
8-01-07	2.4771
1851359	2.4771
hypervascular	2.4771
subcarina	2.4771
t4-t7	2.4771
390	2.4771
49	2.4771
stabilization	2.4771
1889968	2.4771
open	2.4771
08/26/2003	2.4771
08/26/2009	2.4771
37728735	2.4771
stat	2.4771
39313949	2.4771
1867751	2.4771
identifiable	2.4771
1st	2.4771
lucencies	2.4771
370	2.4771
62-year-old	2.4771
axillae	2.4771
05.590	2.4771
infectious/inflammatory	2.4771
02/05/2009	2.4771
23	2.4771
exostosis	2.4771
consolidation/infiltrate	2.4771
endometriosis	2.4771
c5-c6	2.4771
mammography	2.4771
height	2.4771
orbit	2.4771
band	2.4771
pseudotumor	2.4771
branching	2.4771
commissures	2.4771
8/10/06	2.4771
atelectatic/parenchymal	2.4771
popliteals	2.4771
38848184	2.4771
10-26-06	2.4771
l4-l5	2.4771
1859360	2.4771
ethmoid	2.4771
retrocural	2.4771
transformed	2.4771
repeat	2.4771
.9	2.4771
.8	2.4771
ischia	2.4771
.5	2.4771
39569009	2.4771
.1	2.4771
predominating	2.4771
brachial	2.4771
11-14-06	2.4771
background	2.4771
34853546	2.4771
858a-b	2.4771
deposits	2.4771
osteitis	2.4771
vagina	2.4771
--	2.4771
retropulsion	2.4771
39351405	2.4771
423b	2.4771
720a-b	2.4771
shoft	2.4771
11/26/2007	2.4771
5-3-07	2.4771
71-year-old	2.4771
obscured	2.4771
todays	2.4771
1858079	2.4771
04/05/07	2.4771
04/14/2003	2.4771
teratoma	2.4771
brim	2.4771
01/04/06	2.4771
reconstituted	2.4771
preoperative	2.4771
retinal	2.4771
hypoxemia	2.4771
3.2	2.4771
3.0	2.4771
double-phase	2.4771
contents	2.4771
peripelvic	2.4771
1875414	2.4771
printed	2.4771
filmed	2.4771
dysphagia	2.4771
reconstitutes	2.4771
36312198	2.4771
3-6	2.4771
3-5	2.4771
09/19/2008	2.4771
09/19/2007	2.4771
corroborated	2.4771
revealed	2.4771
1875404	2.4771
07/12/2007	2.4771
11/2007	2.4771
showing	2.4771
discitis/osteomyelitis	2.4771
1801114	2.4771
36379292	2.4771
3/13/01	2.4771
02/23/2001	2.4771
perforator	2.4771
3/13/07	2.4771
right-side	2.4771
273a-b	2.4771
273a-c	2.4771
noninfected	2.4771
w/o	2.4771
bronchogenic	2.4771
ovoid	2.4771
physiologic	2.4771
18cm	2.4771
39206606	2.4771
rather	2.4771
palate	2.4771
expiration	2.4771
246a	2.4771
1883876	2.4771
1889174	2.4771
external/internal	2.4771
mid-aortic	2.4771
mips	2.4771
varied	2.4771
1845586	2.4771
257a-b-c	2.4771
did	2.4771
36761427	2.4771
complicated	2.4771
stage	2.4771
04/04/2007	2.4771
seroma/lymphoceles	2.4771
9th	2.4771
partly	2.4771
atrioventricle	2.4771
1840720	2.4771
38907208	2.4771
38898421	2.4771
1cm	2.4771
12/04/2006	2.4771
supraglottic	2.4771
1823336	2.4771
487b-c-d	2.4771
147b-c	2.4771
synovial	2.4771
spermatic	2.4771
whose	2.4771
scaring	2.4771
paralysis	2.4771
1834029	2.4771
past	2.4771
lymphangiomatosis	2.4771
pseudo	2.4771
06/02/2009	2.4771
articular	2.4771
1/8/04	2.4771
kthe	2.4771
acinar	2.4771
pleura-based	2.4771
1/8/07	2.4771
path	2.4771
38425343	2.4771
iamge	2.4771
11.8	2.4771
aspergillosis	2.4771
172-b-c	2.4771
third	2.4771
ears	2.4771
11.5	2.4771
heavily	2.4771
f&g	2.4771
38906794	2.4771
cholangocarcinoma	2.4771
urodynamic	2.4771
744c-d-e-f-g	2.4771
laterally	2.4771
07/16/2007	2.4771
notches	2.4771
w&w	2.4771
2-22-06	2.4771
2/21/08	2.4771
overriding	2.4771
hydrocele	2.4771
03/18/2009	2.4771
p.m.	2.4771
nephrogram	2.4771
particular	2.4771
embolized	2.4771
intra	2.4771
10/13/2009	2.4771
obtain	2.4771
raising	2.4771
combination	2.4771
ct05/10/2007	2.4771
9mm	2.4771
zone	2.4771
shown	2.4771
36140733	2.4771
transhepatic	2.4771
1858702	2.4771
diabetes	2.4771
run-off	2.4771
03/08/2004	2.4771
1809798	2.4771
gibbus	2.4771
barely	2.4771
04/07/2008	2.4771
1858751	2.4771
hxwxd	2.4771
5/11/04	2.4771
phases	2.4771
728a	2.4771
1993	2.4771
repononcontrast	2.4771
computer	2.4771
unknown	2.4771
serpiginous	2.4771
multicystic	2.4771
03/01/2009	2.4771
provide	2.4771
cholangio	2.4771
tracheoesophageal	2.4771
1978	2.4771
periportal	2.4771
23x26mm	2.4771
spared	2.4771
gravity	2.4771
4/3/2007	2.4771
39571398	2.4771
center	2.4771
02/07/07	2.4771
perisplenic	2.4771
aspects	2.4771
aortocaval	2.4771
exposing	2.4771
noncontinuous	2.4771
63-year-old	2.4771
take-off	2.4771
1821402	2.4771
labeled	2.4771
suprahilar	2.4771
37242450	2.4771
39285362	2.4771
p.e.	2.4771
calyceal	2.4771
700.390	2.4771
lie	2.4771
7-22-05	2.4771
fashion	2.4771
thing	2.4771
reassess	2.4771
internal/external	2.4771
267	2.4771
263	2.4771
191d	2.4771
replaced	2.4771
intraabdominal	2.4771
multisystemic	2.4771
sacralization	2.4771
34794635	2.4771
networks	2.4771
document	2.4771
collapsed	2.4771
cut	2.4771
type-b	2.4771
extra-peritoneal	2.4771
maximally	2.4771
creatine	2.4771
248	2.4771
244	2.4771
37291437	2.4771
22-27	2.4771
circumferential	2.4771
opposite	2.4771
54c-d-e-f-g	2.4771
mid-arch	2.4771
39529893	2.4771
238	2.4771
leg	2.4771
supply	2.4771
circumscribed	2.4771
posterolaterally	2.4771
symphysis	2.4771
lining	2.4771
225	2.4771
222	2.4771
incisional	2.4771
perigraft	2.4771
cystoprostatectomy	2.4771
colonoscopy	2.4771
floor	2.4771
lipomatous	2.4771
010359	2.4771
similarly	2.4771
crc	2.4771
37594459	2.4771
212	2.4771
08/12/2008	2.4771
09/29/2008	2.4771
38805107	2.4771
05-04-07	2.4771
fibrillation	2.4771
cardiopulmonary	2.4771
209	2.4771
multidetector	2.4771
200	2.4771
postinfectious	2.4771
timed	2.4771
7-25-06	2.4771
7/24/07	2.4771
precluded	2.4771
representative	2.4771
lao	2.4771
quite	2.4771
perigastric	2.4771
pneumonectomy	2.4771
2.8	2.4771
regard	2.4771
36247588	2.4771
38068450	2.4771
1801034	2.4771
2.0	2.4771
02/12/2006	2.4771
02/12/2008	2.4771
1816993	2.4771
anurysm	2.4771
2-2	2.4771
4/16/07	2.4771
syndrome	2.4771
top	2.4771
walls	2.4771
07/02/2008	2.4771
39488872	2.4771
non-contrast	2.4771
respectively	2.4771
woman	2.4771
08/14/06	2.4771
illustrated	2.4771
expitory	2.4771
morphology	2.4771
mottled	2.4771
order	2.4771
12/01/2008	2.4771
similar-sized	2.4771
seenis	2.4771
infraclavicular/high	2.4771
12/15/2009	2.4771
fibromyxoid	2.4771
multiloculated	2.4771
e-f	2.4771
gravitationally	2.4771
38751633	2.4771
hard	2.4771
projection	2.4771
provides	2.4771
wegener	2.4771
expanded	2.4771
discs	2.4771
l1-l2	2.4771
uvula	2.4771
2-13-07	2.4771
incision	2.4771
35462983	2.4771
lymphadenectomy	2.4771
gone	2.4771
38074303	2.4771
mastoids	2.4771
37438088	2.4771
8th	2.4771
915a-b	2.4771
1856114	2.4771
10/02/2007	2.4771
10/02/2008	2.4771
chf	2.4771
lipoma	2.4771
fundus	2.4771
supcapsular	2.4771
intracranial	2.4771
crescentic	2.4771
scrotum	2.4771
confluence	2.4771
november	2.4771
plasma	2.4771
v	2.4771
latissimus	2.4771
o	2.4771
742b-d	2.4771
ascitic	2.4771
f	2.4771
transvenous	2.4771
d	2.4771
ordered	2.4771
hand	2.4771
_	2.4771
ureters	2.4771
08/19/2005	2.4771
corners	2.4771
36357131	2.4771
250c-g	2.4771
ileum	2.4771
osteochondroma	2.4771
?	2.4771
10.8	2.4771
02/19/2008	2.4771
avid	2.4771
rounded	2.4771
0	2.4771
38538161	2.4771
%	2.4771
3/14/2006	2.4771
04/25/2008	2.4771
legs	2.4771
post-contrast	2.4771
06-11-03	2.4771
orthopedic	2.4771
encases	2.4771
dayno	2.1761
february	2.1761
terminates	2.1761
distinct	2.1761
covering	2.1761
interim	2.1761
salpingo-oophorectomy	2.1761
webs	2.1761
ischiorectal	2.1761
pathologically	2.1761
annular	2.1761
feature	2.1761
insignificant	2.1761
sensitivity	2.1761
l5-s1	2.1761
arising	2.1761
diverticulitis	2.1761
deviated	2.1761
compromise	2.1761
dynamic	2.1761
variant	2.1761
hemothorax	2.1761
stones	2.1761
confirm	2.1761
aorticopulmonary	2.1761
vertebrae	2.1761
137	2.1761
honeycombing	2.1761
125	2.1761
124	2.1761
123	2.1761
jugulodigastric	2.1761
mucinous	2.1761
119	2.1761
116	2.1761
111	2.1761
curvature	2.1761
repoenhanced	2.1761
stool	2.1761
101	2.1761
100	2.1761
left-sided	2.1761
st.	2.1761
raised	2.1761
10/24/2001	2.1761
restage	2.1761
1-2	2.1761
sign	2.1761
vertebra	2.1761
radiographs	2.1761
phleboliths	2.1761
angle	2.1761
congested	2.1761
gluteal	2.1761
bit	2.1761
noncontrast-enhanced	2.1761
07/21/2008	2.1761
visualization	2.1761
corresponds	2.1761
medicine	2.1761
proven	2.1761
nephrostomy	2.1761
near-complete	2.1761
infarct	2.1761
infrahilar	2.1761
08/07/2007	2.1761
shunt	2.1761
pneumobilia	2.1761
original	2.1761
sac	2.1761
vallecula	2.1761
nerve	2.1761
orifices	2.1761
dependently	2.1761
perfused	2.1761
persists	2.1761
sacrum	2.1761
trunk	2.1761
hollow	2.1761
laceration	2.1761
02/29/2008	2.1761
mid-segment	2.1761
concentric	2.1761
10/17/2008	2.1761
multi-level	2.1761
fibrous	2.1761
idiopathic	2.1761
w/ppi	2.1761
arm	2.1761
ligament	2.1761
omentum	2.1761
anastomotic	2.1761
viscera	2.1761
poles	2.1761
fibrosarcoma	2.1761
08/27/2009	2.1761
aml	2.1761
4-mm	2.1761
prostheses	2.1761
read	2.1761
maintained	2.1761
t11	2.1761
t12	2.1761
status-post	2.1761
filled	2.1761
varicose	2.1761
hypogastric	2.1761
distributed	2.1761
nothing	2.1761
algorithm	2.1761
debris	2.1761
resected	2.1761
varices	2.1761
micronodule	2.1761
periphery	2.1761
surveillance	2.1761
congestive	2.1761
couple	2.1761
frontal	2.1761
invasion	2.1761
dual-phase	2.1761
well-defined	2.1761
close	2.1761
cardiomediastinal	2.1761
poor	2.1761
serial	2.1761
round	2.1761
retroaortic	2.1761
constructed	2.1761
stromal	2.1761
ima	2.1761
lucency	2.1761
173a-b-c	2.1761
peritracheal	2.1761
tracheomalacia	2.1761
hepaticojejunostomy	2.1761
swelling	2.1761
arise	2.1761
6cm	2.1761
10/08/2008	2.1761
subcapsular	2.1761
lymphomatous	2.1761
06/25/2008	2.1761
infections	2.1761
presentation	2.1761
06/12/2009	2.1761
reaction	2.1761
malalignment	2.1761
kyphosis	2.1761
processes	2.1761
12/03/2008	2.1761
undergone	2.1761
mucus	2.1761
definitive	2.1761
hematomas	2.1761
short-term	2.1761
concerned	2.1761
5th	2.1761
post-therapeutic	2.1761
explain	2.1761
2003	2.1761
2008	2.1761
primarily	2.1761
mastoid	2.1761
planes	2.1761
obstructing	2.1761
09/27/2007	2.1761
ct05/08/2007	2.1761
june	2.1761
noticeable	2.1761
sacroiliac	2.1761
aerodigestive	2.1761
obstruction	2.1761
gastrostomy	2.1761
bulla	2.1761
perinephric	2.1761
umbilical	2.1761
hemangiomas	2.1761
hospital	2.1761
chest/abdomen/pelvis	2.1761
reveals	2.1761
tree	2.1761
uptake	2.1761
potential	2.1761
peripherally	2.1761
moderate-sized	2.1761
01/14/2008	2.1761
5cm	2.1761
10/07/2009	2.1761
peritoneal	2.1761
lingular	2.1761
grafts	2.1761
typical	2.1761
intramedullary	2.1761
substernal	2.1761
anything	2.1761
last	2.1761
retention	2.1761
canal	2.1761
displayed	2.1761
05/05/2009	2.1761
contusions	2.1761
anterolateral	2.1761
units	2.1761
4th	2.1761
beneath	2.1761
bronchoscopy	2.1761
almost	2.1761
spinal	2.1761
discussed	2.1761
dominant	2.1761
native	2.1761
dysfunction	2.1761
slowly	2.1761
01/07/2008	2.1761
omentectomy	2.1761
implant	2.1761
entire	2.1761
averaging	2.1761
bleeding	2.1761
ulcer	2.1761
marginal	2.1761
11/14/2008	2.1761
lack	2.1761
manifestation	2.1761
exposure	2.1761
compartment	2.1761
cord	2.1761
12mm	2.1761
data	2.1761
bronchoalveolar	2.1761
brain	2.1761
continues	2.1761
quiescent	2.1761
reevaluation	2.1761
beyond	2.1761
chains	2.1761
silhouette	2.1761
fistula	2.1761
obscure	2.1761
recess	2.1761
ensure	2.1761
deformities	2.1761
iliacs	2.1761
origins	2.1761
post-intravenous	2.1761
t6	2.1761
t4	2.1761
t2	2.1761
device	2.1761
viral	2.1761
consolidated	2.1761
ra	2.1761
portable	2.1761
mandible	2.1761
10/2008	2.1761
01/06/2010	2.1761
pt	2.1761
pa	2.1761
considerably	2.1761
mixed	2.1761
chambers	2.1761
ng	2.1761
3rd	2.1761
fluid-filled	2.1761
knee	2.1761
off	2.1761
adenocarcinoma	2.1761
atheromatosis	2.1761
expansile	2.1761
l4	2.1761
resulting	2.1761
hu	2.1761
occludes	2.1761
haziness	2.1761
5.9	2.1761
5.8	2.1761
5.5	2.1761
5.2	2.1761
bullous	2.1761
larynx	2.1761
01/13/2009	2.1761
para-aortic	2.1761
01/13/2010	2.1761
appendage	2.1761
keeping	2.1761
ca	2.1761
ostium	2.1761
tuberculosis	2.1761
marginally	2.1761
infiltrative	2.1761
reduction	2.1761
cavitation	2.1761
pathology	2.1761
pacemaker	2.1761
hemoperitoneum	2.1761
habitus	2.1761
levels	2.1761
screws	2.1761
ectatic	2.1761
fdg	2.1761
sided	2.1761
physician	2.1761
08/11/2009	2.1761
junctions	2.1761
osteophyte	2.1761
risk	2.1761
what	2.1761
nor	2.1761
saccular	2.1761
next	2.1761
tortuosity	2.1761
leads	2.1761
bronchioloalveolar	2.1761
cystic-appearing	2.1761
granulomatosis	2.1761
slow	2.1761
allergy	2.1761
runoff	2.1761
shift	2.1761
collaterals	2.1761
progressing	2.1761
manifest	2.1761
angles	2.1761
subchondral	2.1761
intervals	2.1761
bullae	2.1761
tapers	2.1761
foramen	2.1761
ovary	2.1761
resections	2.1761
indicates	2.1761
vacuum	2.1761
08/04/2009	2.1761
atypical	2.1761
seventh	2.1761
gated	2.1761
rectosigmoid	2.1761
progressive	2.1761
arises	2.1761
4.1	2.1761
11/13/2007	2.1761
11/13/2008	2.1761
lines	2.1761
patulous	2.1761
useful	2.1761
10/24/01	2.1761
antrum	2.1761
65-year-old	2.1761
orchiectomy	2.1761
variations	2.1761
measurement	2.1761
fungal	2.1761
appropriate	2.1761
12/16/2009	2.1761
2cm	2.1761
via	2.1761
extravascular	2.1761
ventral	2.1761
configuration	2.1761
hernias	2.1761
injuries	2.1761
osteomyelitis	2.1761
95	2.1761
93	2.1761
92	2.1761
90	2.1761
08/23/2009	2.1761
parapelvic	2.1761
whole	2.1761
88	2.1761
85	2.1761
84	2.1761
pacer	2.1761
05/14/2007	2.1761
75	2.1761
74	2.1761
66	2.1761
eccentric	2.1761
63	2.1761
59	2.1761
55	2.1761
50	2.1761
layering	2.1761
progress	2.1761
silicosis	2.1761
cuts	2.1761
high-grade	2.1761
31	2.1761
examined	2.1761
28	2.1761
components	2.1761
quality	2.1761
06	2.1761
01/05/2009	2.1761
opposed	2.1761
cirrhosis	2.1761
ovaries	2.1761
recesses	2.1761
characterized	2.1761
04/14/2009	2.1761
3-d	2.1761
whipple	2.1761
12/11/2008	2.1761
**	2.1761
3.9	2.1761
3.8	2.1761
3.6	2.1761
3.4	2.1761
3.3	2.1761
3.1	2.1761
field	2.1761
whereas	2.1761
injected	2.1761
prostatectomy	2.1761
considerations	2.1761
nuclear	2.1761
month	2.1761
01/12/2009	2.1761
djd	2.1761
displaces	2.1761
09/26/2008	2.1761
polyp	2.1761
term	2.1761
am_codes	2.1761
space-occupying	2.1761
going	2.1761
scanned	2.1761
workup	2.1761
circumflex	2.1761
hyperdense	2.1761
ltd	2.1761
correlate	2.1761
water	2.1761
minutes	2.1761
clip	2.1761
costophrenic	2.1761
computed	2.1761
inlet	2.1761
quadrant	2.1761
hardware	2.1761
specifically	2.1761
hyperplasia	2.1761
calcium	2.1761
hours	2.1761
11/19/2008	2.1761
07/23/2007	2.1761
involved	2.1761
neurogenic	2.1761
diaphragm	2.1761
margins	2.1761
dystrophic	2.1761
tricuspid	2.1761
rendered	2.1761
gastroesophageal	2.1761
intracardiac	2.1761
defined	2.1761
06/13/2008	2.1761
generous	2.1761
cardiogenic	2.1761
2.7	2.1761
2.4	2.1761
conjunction	2.1761
manubrium	2.1761
abscess	2.1761
orders	2.1761
cords	2.1761
peribronchovascular	2.1761
12/01/2009	2.1761
flow	2.1761
cartilage	2.1761
erosion	2.1761
others	2.1761
atelectasis/infiltrates	2.1761
inflammatory/infectious	2.1761
information	2.1761
fifth	2.1761
entering	2.1761
e	2.1761
feeding	2.1761
endobronchial	2.1761
ejected	2.1761
benign-appearing	2.1761
picc	2.1761
bronchovascular	2.1761
half	2.1761
growing	2.0000
adnexal	2.0000
range	2.0000
baseline	2.0000
190	2.0000
airway	2.0000
assessed	2.0000
intrapulmonary	2.0000
fills	2.0000
pneumoperitoneum	2.0000
hodgkin	2.0000
lobulated	2.0000
121	2.0000
115	2.0000
107	2.0000
104	2.0000
non-specific	2.0000
parotid	2.0000
9/12/06	2.0000
sutures	2.0000
developed	2.0000
vicinity	2.0000
abuts	2.0000
sfa	2.0000
sixth	2.0000
08/07/2008	2.0000
plane	2.0000
spread	2.0000
plaques	2.0000
jugular	2.0000
pattern	2.0000
intravenously	2.0000
care	2.0000
utilized	2.0000
largely	2.0000
asymmetry	2.0000
absence	2.0000
distance	2.0000
visceral	2.0000
0.4	2.0000
minute	2.0000
annulus	2.0000
rod	2.0000
cage	2.0000
incidentally	2.0000
segments	2.0000
prosthesis	2.0000
cabg	2.0000
ureteral	2.0000
carcinoid	2.0000
ivc	2.0000
port	2.0000
fusion	2.0000
characterization	2.0000
collateral	2.0000
abd	2.0000
07/01/2009	2.0000
fairly	2.0000
overlying	2.0000
differential	2.0000
tract	2.0000
arthritis	2.0000
percutaneous	2.0000
gating	2.0000
clearly	2.0000
first	2.0000
sarcoid	2.0000
measurements	2.0000
stenoses	2.0000
11/03/2009	2.0000
infraclavicular	2.0000
biopsy	2.0000
conventional	2.0000
certainly	2.0000
s/p	2.0000
best	2.0000
sheath	2.0000
02/25/2009	2.0000
11/18/2008	2.0000
spondylosis	2.0000
tracheostomy	2.0000
fossa	2.0000
ventricle	2.0000
anatomy	2.0000
operative	2.0000
suspected	2.0000
scoliosis	2.0000
thighs	2.0000
2001	2.0000
dedicated	2.0000
abdomen/pelvis	2.0000
tail	2.0000
uterine	2.0000
mostly	2.0000
fissures	2.0000
sinus	2.0000
angiographic	2.0000
cardiophrenic	2.0000
their	2.0000
intraductal	2.0000
windows	2.0000
perirectal	2.0000
post-surgical	2.0000
weight	2.0000
continue	2.0000
radiograph	2.0000
demonstrating	2.0000
humerus	2.0000
routine	2.0000
stable-appearing	2.0000
repononenhanced	2.0000
lesser	2.0000
generalized	2.0000
joints	2.0000
moderately	2.0000
worsening	2.0000
october	2.0000
unenhanced	2.0000
millimeters	2.0000
indication	2.0000
lumpectomy	2.0000
a&b	2.0000
considered	2.0000
strands	2.0000
retrospective	2.0000
nonobstructing	2.0000
facet	2.0000
non-gated	2.0000
arrived	2.0000
thymic	2.0000
much	2.0000
splenomegaly	2.0000
mucosal	2.0000
02/01/2010	2.0000
allowing	2.0000
ct812	2.0000
station	2.0000
healing	2.0000
massive	2.0000
decompressed	2.0000
ectasia	2.0000
leiomyosarcoma	2.0000
intraparenchymal	2.0000
calculi	2.0000
innumerable	2.0000
so	2.0000
iodine	2.0000
t8	2.0000
t5	2.0000
t3	2.0000
readily	2.0000
superiorly	2.0000
solitary	2.0000
complete	2.0000
sulcus	2.0000
diverticulum	2.0000
inhomogeneous	2.0000
four	2.0000
vocal	2.0000
05/15/2008	2.0000
homogeneous	2.0000
sites	2.0000
arthroplasty	2.0000
y/o	2.0000
occlusion	2.0000
c7	2.0000
am	2.0000
deformity	2.0000
02/06/2007	2.0000
direct	2.0000
completely	2.0000
scapular	2.0000
faintly	2.0000
multilevel	2.0000
fields	2.0000
features	2.0000
abnormally	2.0000
angiography	2.0000
recommend	2.0000
repounenhanced	2.0000
gynecomastia	2.0000
secretions	2.0000
diverticulosis	2.0000
cephalad	2.0000
indicated	2.0000
4.6	2.0000
4.3	2.0000
residua	2.0000
technical	2.0000
loculation	2.0000
hypodensity	2.0000
generated	2.0000
immediately	2.0000
contains	2.0000
pneumonitis	2.0000
repocontrast-enhanced	2.0000
suture	2.0000
still	2.0000
87	2.0000
81	2.0000
80	2.0000
pararenal	2.0000
71	2.0000
70	2.0000
65	2.0000
64	2.0000
lymphocytic	2.0000
58	2.0000
41	2.0000
increasing	2.0000
necrosis	2.0000
36	2.0000
35	2.0000
34	2.0000
21	2.0000
wires	2.0000
malt	2.0000
cavitary	2.0000
18	2.0000
circulation	2.0000
structure	2.0000
use	2.0000
dr.	2.0000
ureterovesical	2.0000
3.7	2.0000
04/24/06	2.0000
mass-like	2.0000
endplate	2.0000
squamous	2.0000
down	2.0000
displaced	2.0000
under	2.0000
involve	2.0000
compare	2.0000
nonionic	2.0000
clot	2.0000
des	2.0000
post-inflammatory	2.0000
walled	2.0000
initial	2.0000
dome	2.0000
marginated	2.0000
required	2.0000
advised	2.0000
maxillary	2.0000
airspace	2.0000
concern	2.0000
fullness	2.0000
radiology	2.0000
paranasal	2.0000
muscle	2.0000
wound	2.0000
hazy	2.0000
midlung	2.0000
2.9	2.0000
distant	2.0000
07/09/2009	2.0000
cheek	2.0000
root	2.0000
good	2.0000
i	2.0000
c	2.0000
/	2.0000
flap	1.8751
150	1.8751
remaining	1.8751
highly	1.8751
lobar	1.8751
likewise	1.8751
december	1.8751
sma	1.8751
narrowed	1.8751
adenoma	1.8751
7th	1.8751
bed	1.8751
indicate	1.8751
w/cont	1.8751
testicular	1.8751
sequela	1.8751
grade	1.8751
hepatis	1.8751
carina	1.8751
luminal	1.8751
unlikely	1.8751
colonic	1.8751
shortness	1.8751
healed	1.8751
mainstem	1.8751
helically	1.8751
rectum	1.8751
cholelithiasis	1.8751
removal	1.8751
staging	1.8751
paramediastinal	1.8751
rule	1.8751
incompletely	1.8751
t-spine	1.8751
71270	1.8751
asymmetric	1.8751
position	1.8751
true	1.8751
progressed	1.8751
heterogeneous	1.8751
post-operative	1.8751
paraaortic	1.8751
march	1.8751
nodal	1.8751
stent	1.8751
contusion	1.8751
subpectoral	1.8751
extrarenal	1.8751
entirely	1.8751
paraspinal	1.8751
earlier	1.8751
peribronchial	1.8751
cta008	1.8751
indicating	1.8751
subtle	1.8751
thus	1.8751
remote	1.8751
limb	1.8751
ureter	1.8751
additionally	1.8751
out	1.8751
mural	1.8751
presence	1.8751
april	1.8751
failure	1.8751
atrophy	1.8751
t9	1.8751
tree-in-bud	1.8751
distention	1.8751
diagnosis	1.8751
suggests	1.8751
while	1.8751
l2	1.8751
l1	1.8751
mitral	1.8751
mosaic	1.8751
isthmus	1.8751
scars	1.8751
do	1.8751
ct05/09/2007	1.8751
consideration	1.8751
extend	1.8751
non-calcified	1.8751
attention	1.8751
obstructive	1.8751
criteria	1.8751
reconstruct	1.8751
05/09/2007	1.8751
media	1.8751
pleural-based	1.8751
consolidations	1.8751
alignment	1.8751
sternal	1.8751
decreases	1.8751
elevated	1.8751
nonenhanced	1.8751
l-spine	1.8751
dimensions	1.8751
outflow	1.8751
paraesophageal	1.8751
99	1.8751
89	1.8751
83	1.8751
79	1.8751
77	1.8751
69	1.8751
61	1.8751
57	1.8751
46	1.8751
44	1.8751
43	1.8751
40	1.8751
mammary	1.8751
37	1.8751
33	1.8751
destruction	1.8751
mastectomies	1.8751
august	1.8751
observed	1.8751
breath	1.8751
hemidiaphragm	1.8751
post-radiation	1.8751
chemotherapy	1.8751
remained	1.8751
intra-abdominal	1.8751
bodies	1.8751
treatment	1.8751
elsewhere	1.8751
lacerations	1.8751
convincing	1.8751
involves	1.8751
suprarenal	1.8751
does	1.8751
each	1.8751
melanoma	1.8751
lad	1.8751
2.1	1.8751
chest/abd/pel	1.8751
cll	1.8751
ventricular	1.8751
blood	1.8751
low-density	1.8751
bronchiectatic	1.8751
thoracotomy	1.7782
patients	1.7782
granulomata	1.7782
hydronephrosis	1.7782
stone	1.7782
porta	1.7782
thyroidectomy	1.7782
diaphragmatic	1.7782
1.9	1.7782
traction	1.7782
inflammation	1.7782
surface	1.7782
bolus	1.7782
extrahepatic	1.7782
musculature	1.7782
prevascular	1.7782
cava	1.7782
spaces	1.7782
view	1.7782
collapse	1.7782
0.7	1.7782
0.6	1.7782
noncontrast	1.7782
removed	1.7782
osteosarcoma	1.7782
age	1.7782
duct	1.7782
congestion	1.7782
hounsfield	1.7782
growth	1.7782
replacement	1.7782
sarcoma	1.7782
hypodense	1.7782
gallstone	1.7782
superimposed	1.7782
reflux	1.7782
enlarging	1.7782
clavicle	1.7782
multiplanar	1.7782
difficult	1.7782
instance	1.7782
2005	1.7782
serum	1.7782
utilizing	1.7782
point	1.7782
gross	1.7782
before	1.7782
january	1.7782
gallstones	1.7782
osteopenia	1.7782
hypoattenuating	1.7782
median	1.7782
05/05/2007	1.7782
radiographic	1.7782
eval	1.7782
angiogram	1.7782
splenule	1.7782
ground	1.7782
vesicles	1.7782
our	1.7782
distribution	1.7782
atrial	1.7782
spiculated	1.7782
surrounding	1.7782
seminal	1.7782
accessory	1.7782
lies	1.7782
suboptimal	1.7782
joint	1.7782
skeletal	1.7782
second	1.7782
leukemia	1.7782
ductal	1.7782
portal	1.7782
occluded	1.7782
intraluminal	1.7782
midline	1.7782
perhaps	1.7782
exclude	1.7782
vena	1.7782
compression	1.7782
extent	1.7782
section	1.7782
fibrotic	1.7782
papillary	1.7782
postradiation	1.7782
patency	1.7782
might	1.7782
necrotic	1.7782
detector	1.7782
tomographic	1.7782
4.5	1.7782
thoracoabdominal	1.7782
characterize	1.7782
nasogastric	1.7782
because	1.7782
branch	1.7782
year	1.7782
atelectatic	1.7782
mri	1.7782
posterolateral	1.7782
stem	1.7782
82	1.7782
68	1.7782
bronchial	1.7782
lobectomy	1.7782
56	1.7782
53	1.7782
47	1.7782
45	1.7782
many	1.7782
38	1.7782
long	1.7782
24	1.7782
22	1.7782
male	1.7782
20	1.7782
included	1.7782
320	1.7782
includes	1.7782
irregularity	1.7782
aortoiliac	1.7782
length	1.7782
later	1.7782
relative	1.7782
bile	1.7782
profunda	1.7782
abutting	1.7782
part	1.7782
ct05/07/2007	1.7782
formation	1.7782
metallic	1.7782
opacified	1.7782
warranted	1.7782
perihepatic	1.7782
glass	1.7782
thigh	1.7782
cts	1.7782
submandibular	1.7782
maximal	1.7782
question	1.7782
2-3	1.7782
better	1.7782
sinuses	1.7782
infrarenal	1.6990
assess	1.6990
slices	1.6990
between	1.6990
films	1.6990
svc	1.6990
135	1.6990
130	1.6990
sob	1.6990
advanced	1.6990
enteric	1.6990
six	1.6990
little	1.6990
calcific	1.6990
acinic	1.6990
precarinal	1.6990
where	1.6990
containing	1.6990
margin	1.6990
thought	1.6990
0.8	1.6990
mode	1.6990
lumen	1.6990
local	1.6990
therefore	1.6990
right-sided	1.6990
nephrectomy	1.6990
chamber	1.6990
omnipaque-350	1.6990
basal	1.6990
collection	1.6990
71275	1.6990
71250	1.6990
superficial	1.6990
b&c	1.6990
septal	1.6990
involvement	1.6990
hip	1.6990
organs	1.6990
chain	1.6990
early	1.6990
medially	1.6990
correlated	1.6990
multifocal	1.6990
mass.	1.6990
inferiorly	1.6990
cta005	1.6990
even	1.6990
reformats	1.6990
ct810	1.6990
follow	1.6990
continued	1.6990
location	1.6990
thin	1.6990
treated	1.6990
satisfactory	1.6990
perfusion	1.6990
them	1.6990
suggestive	1.6990
loculated	1.6990
evaluated	1.6990
hypertrophy	1.6990
visible	1.6990
used	1.6990
and/or	1.6990
extravasation	1.6990
non	1.6990
endotracheal	1.6990
another	1.6990
expected	1.6990
05/11/2007	1.6990
around	1.6990
hemorrhage	1.6990
alveolar	1.6990
severe	1.6990
atherosclerosis	1.6990
extension	1.6990
chest/abd	1.6990
73	1.6990
72	1.6990
67	1.6990
62	1.6990
adnexa	1.6990
54	1.6990
51	1.6990
rapid	1.6990
48	1.6990
26	1.6990
17	1.6990
11	1.6990
respiratory	1.6990
sized	1.6990
graft	1.6990
presumably	1.6990
retroperitoneum	1.6990
skin	1.6990
3.5	1.6990
narrowing	1.6990
thickened	1.6990
bypass	1.6990
ct.	1.6990
</exam_codes>	1.6990
2.6	1.6990
enhancing	1.6990
provided	1.6990
interlobular	1.6990
multinodular	1.6990
response	1.6320
site	1.6320
degree	1.6320
120	1.6320
extremity	1.6320
total	1.6320
majority	1.6320
improved	1.6320
wedge	1.6320
bones	1.6320
questionable	1.6320
imaged	1.6320
sigmoid	1.6320
gastric	1.6320
longer	1.6320
helpful	1.6320
either	1.6320
suggested	1.6320
defects	1.6320
chest/pe	1.6320
valve	1.6320
finding	1.6320
junction	1.6320
transverse	1.6320
71260	1.6320
innominate	1.6320
evident	1.6320
implants	1.6320
time	1.6320
diffusely	1.6320
atheromatous	1.6320
measure	1.6320
r/o	1.6320
pathologic	1.6320
foley	1.6320
cta010	1.6320
line	1.6320
branches	1.6320
reveal	1.6320
located	1.6320
compressive	1.6320
scans	1.6320
05/10/2007	1.6320
05/08/2007	1.6320
worrisome	1.6320
disc	1.6320
vessel	1.6320
examinations	1.6320
inguinal	1.6320
malignant	1.6320
differences	1.6320
below	1.6320
detected	1.6320
creatinine	1.6320
near	1.6320
markedly	1.6320
mvc	1.6320
oblique	1.6320
reformations	1.6320
sternum	1.6320
discrete	1.6320
52	1.6320
cortical	1.6320
definitely	1.6320
32	1.6320
27	1.6320
19	1.6320
14	1.6320
sizes	1.6320
being	1.6320
ovarian	1.6320
05/07/2007	1.6320
atrophic	1.6320
day	1.6320
primary	1.6320
borderline	1.6320
basilar	1.6320
distended	1.6320
2.3	1.6320
too	1.6320
aneurysmal	1.6320
0.625	1.6320
obvious	1.6320
poorly	1.6320
densities	1.6320
normal-sized	1.6320
greatest	1.5740
adequate	1.5740
parenchyma	1.5740
enhanced	1.5740
1.8	1.5740
1.6	1.5740
port-a-cath	1.5740
traumatic	1.5740
subsequent	1.5740
simple	1.5740
slice	1.5740
vasculature	1.5740
pancreatic	1.5740
follicular	1.5740
years	1.5740
improvement	1.5740
normal-appearing	1.5740
intrahepatic	1.5740
currently	1.5740
according	1.5740
reactive	1.5740
infectious	1.5740
based	1.5740
concerning	1.5740
rectal	1.5740
neoplasm	1.5740
injection	1.5740
2006	1.5740
hohenwalter	1.5740
fatty	1.5740
incidental	1.5740
popliteal	1.5740
underlying	1.5740
sarcoidosis	1.5740
biapical	1.5740
bronchi	1.5740
prominence	1.5740
trauma	1.5740
visipaque	1.5740
infiltration	1.5740
recent	1.5740
calculus	1.5740
months	1.5740
outside	1.5740
atrium	1.5740
ribs	1.5740
pericardium	1.5740
intraperitoneal	1.5740
least	1.5740
pet/ct	1.5740
scar	1.5740
dense	1.5740
sections	1.5740
39	1.5740
though	1.5740
29	1.5740
25	1.5740
received	1.5740
15	1.5740
13	1.5740
12	1.5740
maximum	1.5740
diverticula	1.5740
dilated	1.5740
emboli	1.5740
minor	1.5740
versus	1.5740
surgery	1.5740
only	1.5229
hysterectomy	1.5229
140	1.5229
anastomosis	1.5229
hila	1.5229
essentially	1.5229
nature	1.5229
1.7	1.5229
1.1	1.5229
bibasilar	1.5229
rest	1.5229
plaque	1.5229
repoct	1.5229
reconstructed	1.5229
confluent	1.5229
resolution	1.5229
during	1.5229
except	1.5229
relatively	1.5229
thoracolumbar	1.5229
predominantly	1.5229
extending	1.5229
po	1.5229
head	1.5229
aspiration	1.5229
trachea	1.5229
fat	1.5229
granulomatous	1.5229
foci	1.5229
exams	1.5229
pretracheal	1.5229
30	1.5229
minimally	1.5229
10	1.5229
hemangioma	1.5229
known	1.5229
pain	1.5229
widely	1.5229
contour	1.5229
probable	1.5229
goiter	1.5229
2.2	1.5229
should	1.4771
especially	1.4771
current	1.4771
sclerosis	1.4771
sternotomy	1.4771
bronchus	1.4771
0.9	1.4771
space	1.4771
please	1.4771
punctate	1.4771
hypertension	1.4771
segmental	1.4771
organ	1.4771
ill-defined	1.4771
particularly	1.4771
per	1.4771
noncalcified	1.4771
component	1.4771
course	1.4771
separate	1.4771
emphysematous	1.4771
origin	1.4771
addition	1.4771
window	1.4771
carotid	1.4771
bifurcation	1.4771
absent	1.4771
42	1.4771
three	1.4771
overall	1.4771
possibility	1.4771
2.5-mm	1.4771
infiltrate	1.4771
centrilobular	1.4771
skeleton	1.4771
b	1.4771
review	1.4357
secondary	1.4357
administered	1.4357
high	1.4357
over	1.4357
compatible	1.4357
omnipaque-300	1.4357
malignancy	1.4357
airways	1.4357
artifact	1.4357
given	1.4357
external	1.4357
persistent	1.4357
clinically	1.4357
partially	1.4357
lytic	1.4357
residual	1.4357
collections	1.4357
shoulder	1.4357
dating	1.4357
female	1.4357
16	1.4357
350	1.4357
thick	1.4357
esophageal	1.4357
subcutaneous	1.4357
tip	1.4357
example	1.4357
solid	1.4357
145	1.3979
reconstructions	1.3979
1.4	1.3979
signs	1.3979
aneurysm	1.3979
its	1.3979
descending	1.3979
pole	1.3979
extends	1.3979
2007	1.3979
thickness	1.3979
major	1.3979
cardiomegaly	1.3979
infection	1.3979
recurrence	1.3979
apparent	1.3979
note	1.3979
development	1.3979
phase	1.3979
patchy	1.3979
very	1.3979
es	1.3979
presumed	1.3979
splenic	1.3979
scapula	1.3979
cystic	1.3979
mildly	1.3979
measured	1.3979
stability	1.3979
ascites	1.3979
report	1.3632
procedure	1.3632
show	1.3632
today	1.3632
posteriorly	1.3632
system	1.3632
defect	1.3632
contiguous	1.3632
stomach	1.3632
had	1.3632
irregular	1.3632
resolved	1.3632
suggesting	1.3632
single	1.3632
bronchiectasis	1.3632
such	1.3632
significance	1.3632
representing	1.3632
axis	1.3632
internal	1.3632
loss	1.3632
ultrasound	1.3632
acquired	1.3632
lingula	1.3632
filling	1.3632
ascending	1.3632
motion	1.3310
subclavian	1.3310
biliary	1.3310
reconstruction	1.3310
mastectomy	1.3310
celiac	1.3310
cervical	1.3310
prostate	1.3310
medial	1.3310
fracture	1.3310
subpleural	1.3310
arch	1.3310
they	1.3310
if	1.3310
marked	1.3310
hiatal	1.3310
embolus	1.3310
progression	1.3310
dvt	1.3310
above	1.3310
possible	1.3310
thrombus	1.3310
intact	1.3010
available	1.3010
appreciated	1.3010
tissues	1.3010
1.5	1.3010
1.2	1.3010
somewhat	1.3010
greater	1.3010
axilla	1.3010
hematoma	1.3010
partial	1.3010
number	1.3010
stenosis	1.3010
additional	1.3010
dimension	1.3010
portions	1.3010
nodularity	1.3010
old	1.3010
loops	1.3010
about	1.3010
therapy	1.3010
short	1.3010
esophagus	1.3010
cholecystectomy	1.3010
same	1.3010
would	1.3010
1.3	1.2730
low-attenuation	1.2730
granulomas	1.2730
hernia	1.2730
although	1.2730
just	1.2730
represents	1.2730
reformatted	1.2730
subsegmental	1.2730
numerous	1.2730
intrathoracic	1.2730
vascular	1.2730
ap	1.2730
edema	1.2730
back	1.2730
done	1.2730
contrast-enhanced	1.2730
follow-up	1.2467
place	1.2467
injury	1.2467
side	1.2467
hemithorax	1.2467
see	1.2467
abnormality	1.2467
all	1.2467
pneumonia	1.2467
demonstrated	1.2467
inferior	1.2467
active	1.2467
abnormal	1.2467
sclerotic	1.2467
focus	1.2467
ml	1.2467
excluded	1.2467
catheter	1.2467
emphysema	1.2467
femoral	1.2467
evaluate	1.2467
possibly	1.2467
cta	1.2467
noncontiguous	1.2218
studies	1.2218
enlargement	1.2218
tube	1.2218
linear	1.2218
none	1.2218
hilum	1.2218
portion	1.2218
apex	1.2218
volume	1.2218
common	1.2218
enhancement	1.2218
mid	1.2218
uterus	1.2218
postsurgical	1.2218
interstitial	1.2218
uncertain	1.2218
pneumothorax	1.2218
spiral	1.2218
>	1.2218
9	1.2218
urinary	1.1984
fissure	1.1984
views	1.1984
increase	1.1984
negative	1.1984
stranding	1.1984
abnormalities	1.1984
grossly	1.1984
larger	1.1984
anteriorly	1.1984
veins	1.1984
correlation	1.1984
pelvic	1.1984
delayed	1.1984
imaging	1.1984
peripheral	1.1761
described	1.1761
using	1.1761
lumbar	1.1761
regions	1.1761
resection	1.1761
atherosclerotic	1.1761
definite	1.1761
infiltrates	1.1761
changed	1.1761
up	1.1761
decrease	1.1761
remain	1.1761
3d	1.1761
300	1.1761
's	1.1761
less	1.1761
apical	1.1549
recurrent	1.1549
postoperative	1.1549
demonstrates	1.1549
inflammatory	1.1549
coronal	1.1549
limits	1.1549
followed	1.1549
restaging	1.1549
when	1.1549
remainder	1.1549
decreased	1.1549
cardiac	1.1549
;	1.1549
-	1.1549
angio	1.1347
apices	1.1347
opacification	1.1347
supraclavicular	1.1347
radiation	1.1347
arterial	1.1347
few	1.1347
consolidation	1.1347
extensive	1.1347
main	1.1347
dissection	1.1347
including	1.1347
8	1.1347
suggest	1.1154
vertebral	1.1154
iliac	1.1154
etiology	1.1154
one	1.1154
vein	1.1154
recommended	1.1154
remains	1.1154
lateral	1.1154
largest	1.0969
any	1.0969
distal	1.0969
aspect	1.0969
significantly	1.0969
colon	1.0969
subcentimeter	1.0969
thrombosis	1.0969
parenchymal	1.0969
paratracheal	1.0792
deep	1.0792
air	1.0792
masses	1.0792
smaller	1.0792
dependent	1.0792
great	1.0792
central	1.0792
similar	1.0792
gland	1.0792
several	1.0621
amount	1.0621
rib	1.0621
slight	1.0621
chronic	1.0621
fractures	1.0621
now	1.0621
adjacent	1.0621
ground-glass	1.0621
fibrosis	1.0621
further	1.0621
two	1.0621
probably	1.0621
collimation	1.0621
<	1.0621
throughout	1.0458
dilatation	1.0458
body	1.0458
material	1.0458
cell	1.0458
indeterminate	1.0458
associated	1.0458
tumor	1.0300
lobes	1.0300
mesentery	1.0300
extremities	1.0300
patent	1.0300
could	1.0300
process	1.0300
into	1.0300
due	1.0300
acquisition	1.0300
venous	1.0300
level	1.0147
granuloma	1.0147
low	1.0147
demonstrate	1.0000
however	1.0000
subcarinal	1.0000
mesenteric	1.0000
aortic	1.0000
wo	1.0000
oral	1.0000
nonspecific	1.0000
retroperitoneal	1.0000
status	1.0000
attenuation	1.0000
more	0.9858
omnipaque	0.9858
proximal	0.9858
embolism	0.9858
cysts	0.9858
bilaterally	0.9858
pe	0.9858
opacity	0.9858
can	0.9720
1.25	0.9720
free	0.9720
involving	0.9720
neck	0.9720
base	0.9720
benign	0.9720
clips	0.9720
7	0.9720
lymphoma	0.9586
bone	0.9586
bases	0.9586
approximately	0.9586
along	0.9586
acute	0.9586
sagittal	0.9586
surgical	0.9456
hepatic	0.9456
protocol	0.9456
density	0.9456
w	0.9456
diffuse	0.9331
followup	0.9331
area	0.9331
it	0.9331
metastasis	0.9331
metastases	0.9331
cyst	0.9208
adrenals	0.9208
segment	0.9208
structures	0.9208
shows	0.9208
well	0.9208
x	0.9208
vessels	0.9089
than	0.9089
diameter	0.9089
scan	0.9089
bony	0.8861
carcinoma	0.8861
evaluation	0.8861
minimal	0.8861
region	0.8861
moderate	0.8861
calcifications	0.8861
caliber	0.8861
nodular	0.8751
increased	0.8751
kidney	0.8751
calcification	0.8751
posterior	0.8751
slightly	0.8751
gallbladder	0.8751
clear	0.8643
osseous	0.8539
destructive	0.8539
post	0.8437
prominent	0.8437
measuring	0.8437
renal	0.8437
scattered	0.8437
large	0.8337
suspicious	0.8337
other	0.8337
exam	0.8337
bladder	0.8337
that	0.8337
cc	0.8337
opacities	0.8337
measures	0.8337
superior	0.8239
related	0.8144
represent	0.8144
otherwise	0.8144
thyroid	0.8144
middle	0.8144
tissue	0.8050
appearance	0.8050
soft	0.8050
arteries	0.8050
appears	0.7959
consistent	0.7959
tiny	0.7959
anterior	0.7959
areas	0.7959
following	0.7869
interval	0.7869
limited	0.7782
degenerative	0.7782
liver/spleen	0.7782
abdominal	0.7782
dated	0.7782
node	0.7696
most	0.7611
previous	0.7611
after	0.7611
bowel	0.7528
calcified	0.7528
aorta	0.7528
coronary	0.7528
breast	0.7528
made	0.7528
reported	0.7528
doctor	0.7528
+	0.7528
but	0.7447
previously	0.7447
confirmed	0.7447
wall	0.7447
scarring	0.7447
6	0.7447
have	0.7368
since	0.7289
been	0.7289
mass	0.7289
these	0.7212
significant	0.7137
lesion	0.7137
visualized	0.7137
reviewed	0.7063
fluid	0.7063
both	0.7063
within	0.7063
appear	0.7063
cancer	0.7063
kidneys	0.6990
helical	0.6918
spine	0.6918
iv	0.6918
patient	0.6847
enlarged	0.6847
thoracic	0.6778
again	0.6709
date	0.6709
may	0.6642
multiple	0.6642
artery	0.6576
thickening	0.6510
an	0.6510
glands	0.6510
through	0.6446
change	0.6383
mild	0.6383
heart	0.6320
some	0.6259
likely	0.6259
atelectasis	0.6259
#	0.6198
identified	0.6138
by	0.6138
2.5	0.6021
present	0.5963
compared	0.5906
without	0.5906
adrenal	0.5850
pancreas	0.5850
focal	0.5795
obtained	0.5795
technique	0.5795
also	0.5740
unremarkable	0.5740
&	0.5740
mediastinum	0.5686
effusions	0.5686
series	0.5580
axial	0.5580
not	0.5580
new	0.5528
nodule	0.5477
from	0.5477
-lsb-	0.5426
-rsb-	0.5426
cm	0.5326
which	0.5277
unchanged	0.5229
metastatic	0.5181
lungs	0.5181
as	0.5133
administration	0.5086
were	0.5086
5	0.5086
spleen	0.4994
lesions	0.4994
study	0.4903
pericardial	0.4903
has	0.4859
lymph	0.4771
mcw	0.4771
nodes	0.4728
lymphadenopathy	0.4728
axillary	0.4685
bilateral	0.4685
thorax	0.4643
adenopathy	0.4643
be	0.4559
prior	0.4518
size	0.4437
effusion	0.4279
pelvis	0.4240
at	0.4240
this	0.4202
med	0.4164
w/contrast	0.4127
4	0.4127
noted	0.4089
liver	0.4052
stable	0.3943
images	0.3872
hilar	0.3768
performed	0.3768
image	0.3699
disease	0.3665
changes	0.3665
intravenous	0.3533
normal	0.3500
nodules	0.3468
3	0.3436
mm	0.3404
evidence	0.3341
for	0.3279
was	0.3279
-lrb-	0.3098
lower	0.3098
-rrb-	0.3098
upper	0.3039
full	0.3039
result	0.3039
pleura	0.3010
impression	0.3010
abdomen	0.2953
mediastinal	0.2953
on	0.2924
small	0.2896
history	0.2840
clinical	0.2840
1	0.2812
lobe	0.2730
seen	0.2570
2	0.2544
pulmonary	0.2416
pleural	0.2366
comparison	0.2194
lung	0.1467
contrast	0.1447
left	0.1308
or	0.1288
examination	0.1135
findings	0.1079
right	0.0969
with	0.0897
to	0.0897
a	0.0880
there	0.0862
:	0.0672
are	0.0655
and	0.0458
chest	0.0346
no	0.0331
is	0.0331
in	0.0253
,	0.0208
of	0.0044
ct	0.0029
the	0.0015
.	0.0000
